{
  "Total" : {
    "transaction" : "Total",
    "sampleCount" : 50,
    "errorCount" : 0,
    "errorPct" : 0.0,
    "meanResTime" : 214.10000000000005,
    "medianResTime" : 129.0,
    "minResTime" : 127.0,
    "maxResTime" : 850.0,
    "pct1ResTime" : 516.0,
    "pct2ResTime" : 527.8,
    "pct3ResTime" : 850.0,
    "throughput" : 9.12075884713608,
    "receivedKBytesPerSec" : 47.88754674388909,
    "sentKBytesPerSec" : 1.1044668916453848
  },
  "Homepage Request" : {
    "transaction" : "Homepage Request",
    "sampleCount" : 50,
    "errorCount" : 0,
    "errorPct" : 0.0,
    "meanResTime" : 214.10000000000005,
    "medianResTime" : 129.0,
    "minResTime" : 127.0,
    "maxResTime" : 850.0,
    "pct1ResTime" : 516.0,
    "pct2ResTime" : 527.8,
    "pct3ResTime" : 850.0,
    "throughput" : 9.12075884713608,
    "receivedKBytesPerSec" : 47.88754674388909,
    "sentKBytesPerSec" : 1.1044668916453848
  }
}